{"cameraMode":{"drawMode":0,"name":"Shaded","section":"Shading Mode"},"sceneLighting":false,"audioPlay":false,"sceneViewState":{"showFog":true,"showMaterialUpdate":false,"showSkybox":true,"showFlares":true,"showImageEffects":true,"showParticleSystems":true},"in2DMode":false,"pivot":{"x":575.791748046875,"y":219.44419860839845,"z":-38.121177673339847},"rotation":{"x":0.03634022921323776,"y":-0.77170330286026,"z":0.04427430406212807,"w":0.6334075927734375},"size":1370.1239013671875,"orthographic":false}